"Project";"BugNumber";"AP";"Rank";"FilePath";"IsBuggy";"ScoreH";"ScoreR";"ScoreS";"FinalScore";"ClassNames";"Comments";"EnumNames";"FieldNames";"InterfaceNames";"MethodNames";"NamespaceNames";"ParameterNames";"PropertyNames";"StringLiterals";"StructNames";"VariableNames"
"akka.net";375;0,083;6;"src/core/Akka/Dispatch/ConcurrentQueueMailbox.cs";TRUE;0,15;1;0,524;0,479;0;0,141;0;0,194;0,91;0,057;0,197;0;0,516;0,224;0;0,354
"akka.net";535;0,556;1;"src/core/Akka/Configuration/Hocon/HoconValue.cs";TRUE;0;1;0,773;0,573;0,473;0,523;0;0;0,073;0,123;0,765;0,179;0;0,148;0;0,27
"akka.net";535;0,556;3;"src/core/Akka/Configuration/Hocon/HoconParser.cs";TRUE;0;1;0,708;0,537;0,451;0,131;0;0,285;0;0,129;1,162;0,186;0,154;0,177;0;0,358
"akka.net";742;0,333;3;"src/core/Akka.Cluster/ClusterEvent.cs";TRUE;0;0;0,999;0,559;0,345;0,41;0,282;0,086;0,653;0,451;1,039;0,076;0,107;0,085;NA;0,135
"akka.net";850;0,352;1;"src/core/Akka/Dispatch/Dispatchers.cs";TRUE;0;0,018;1;0,562;0,514;0,427;0;0,15;0;0,109;0,88;0,138;0,117;0,532;0;0,569
"akka.net";850;0,352;2;"src/core/Akka/Dispatch/ForkJoinDispatcher.cs";TRUE;0;0;0,872;0,488;0,355;0,422;0,961;0,481;NA;0,449;0,6;0,716;NA;0,461;NA;NA
"akka.net";850;0,352;8;"src/core/Akka/Dispatch/AbstractDispatcher.cs";TRUE;0;0;0,647;0,362;0,652;0,423;0,772;0,025;NA;0,201;0,692;0,033;NA;NA;NA;NA
"akka.net";850;0,352;9;"src/core/Akka/Actor/ActorCell.cs";TRUE;0,042;0,196;0,535;0,34;0,16;0,159;0;0;0,244;0,35;0,653;0,322;0,175;0,153;0;0,195
"akka.net";996;0,083;4;"src/core/Akka/Routing/RouterPoolActor.cs";TRUE;0;0;0,888;0,497;0,427;0,604;NA;NA;NA;0,082;0,052;0,58;0,509;0,35;NA;0,064
"akka.net";1609;0,022;9;"src/core/Akka/Actor/ActorCell.DefaultMessages.cs";TRUE;0,001;0,269;0,632;0,392;0,063;0,083;0;0;0,471;0,217;0,002;0,029;0,094;0,298;0;0,323
"akka.net";1694;0,056;9;"src/core/Akka/Actor/Inbox.Actor.cs";TRUE;0;0;0,661;0,37;0,488;0,469;NA;0,015;0,013;0,071;0,032;0,007;0,043;0,468;0,015;0,016
"AutoMapper";469;0,5;1;"src/AutoMapper/PropertyMap.cs";TRUE;0,912;0;0,531;0,571;0,207;0,022;NA;0,293;NA;0,228;0;0,294;0,304;0,064;NA;0,068
"AutoMapper";505;0,167;3;"src/AutoMapper/ConfigurationStore.cs";TRUE;0,022;0;0,885;0,502;0,546;0,144;0,008;0,302;0,498;0,588;0;0,494;0,376;0,407;0,635;0,396
"AutoMapper";557;0,4;1;"src/AutoMapper/Mappers/TypeMapObjectMapperRegistry.cs";TRUE;0,203;0;1;0,621;0,3;0,125;NA;NA;0,606;0,23;0;0,59;0,497;NA;NA;0,519
"AutoMapper";557;0,4;10;"src/AutoMapper/ResolutionContext.cs";TRUE;0;0;0,736;0,412;0,069;0,258;NA;NA;NA;0,201;0;0,366;0,383;0,13;NA;0,108
"AutoMapper";887;0,5;1;"src/AutoMapper/ConfigurationStore.cs";TRUE;0,997;1;0,897;0,941;0,21;0;0;0,299;0,384;0,207;0;0,058;0,211;0,314;0;0,244
"AutoMapper";887;0,5;4;"src/AutoMapper/TypeMap.cs";TRUE;0,326;0,57;1;0,738;0,077;0,194;0;0,187;0;0,164;0;0,185;0,393;0,006;0;0,245
"AutoMapper";909;0,125;4;"src/AutoMapper/MappingEngine.cs";TRUE;0,241;0,227;0,624;0,454;0,08;0;0;0,28;0,078;0,127;0;0,189;0,469;0,608;0;0,254
"AutoMapper";910;0,224;1;"src/AutoMapper/ConfigurationStore.cs";TRUE;1;0,383;0,758;0,778;0,166;0;0;0,431;0,236;0,27;0;0,241;0,704;0,231;0;0,193
"AutoMapper";910;0,224;7;"src/AutoMapper/TypeMap.cs";TRUE;0,509;0,38;0,361;0,408;0,088;0,131;0;0,299;0;0,104;0;0,12;0,205;0;0;0,066
"AutoMapper";910;0,224;9;"src/AutoMapper/PropertyMap.cs";TRUE;0,007;0,198;0,577;0,353;0,302;0;0;0,13;0;0,232;0;0,475;0,241;0,356;0;0,135
"AutoMapper";910;0,224;10;"src/AutoMapper/MappingEngine.cs";TRUE;0,241;0,071;0,482;0,352;0,148;0;0;0,121;0;0,277;0;0,216;0,387;0,164;0;0,206
"AutoMapper";945;0,5;1;"src/AutoMapper/ConfigurationStore.cs";TRUE;1;1;0,574;0,761;0,214;0;0,006;0,084;0,406;0,152;0,095;0,141;0,187;0,123;0;0,205
"AutoMapper";949;1;1;"src/AutoMapper/QueryableExtensions/Extensions.cs";TRUE;0,035;0;1;0,57;0,454;0,452;NA;NA;0,5;0,959;0,046;0,253;0,737;1,316;NA;NA
"AutoMapper";950;0,083;6;"src/AutoMapper/Internal/IMappingOptionsMemberMapper.cs";TRUE;0;0;0,865;0,484;0,191;0,092;NA;0,417;0,086;0,173;0;0,015;0,111;NA;NA;0,076
"CefSharp";143;0,071;7;"CefSharp.Wpf/WebView.cs";TRUE;0;0;0,358;0,201;NA;0,004;NA;NA;NA;NA;NA;NA;0,139;NA;NA;NA
"CefSharp";145;1;1;"CefSharp.Wpf/WebView.cs";TRUE;0;1;1;0,7;0,078;0,255;NA;0;0;0,345;0,005;0,389;0,278;0,171;0;0,418
"CefSharp";146;1;1;"CefSharp.Wpf/WebView.cs";TRUE;1;1;1;1;0,707;0,276;NA;0,199;0;0,226;0;0;0;0;0;0,21
"CefSharp";166;1;1;"CefSharp.Wpf/WebView.cs";TRUE;1;1;0,517;0,729;0;0,254;NA;0,338;0;0,257;0,146;0;0,184;0,017;0;0
"CefSharp";200;0,5;2;"CefSharp.Wpf/WebView.cs";TRUE;1;1;0;0,44;0;0;NA;0;0;0;0;0;0;0;0;0
"CefSharp";213;1;1;"CefSharp.Wpf/WebView.cs";TRUE;1;1;0,798;0,887;0;0,097;NA;0;0;0,163;0,151;0;0,305;0;0;0,141
"CefSharp";522;0,25;2;"CefSharp.WinForms/ChromiumWebBrowser.cs";TRUE;1;0;0,78;0,737;0,145;0,072;NA;0,395;0,39;0,167;0,346;NA;0,162;NA;0,315;0,124
"CefSharp";553;0,333;3;"CefSharp.WinForms.Example/BrowserForm.cs";TRUE;0,085;1;0,731;0,575;0,184;0,069;NA;0,25;0;0,14;0;0;0,203;0;0;0,314
"CefSharp";553;0,333;6;"CefSharp.WinForms/ChromiumWebBrowser.cs";TRUE;0,085;1;0,28;0,322;0,174;0;NA;0,056;0,182;0,039;0;0;0,036;0;0;0,032
"corefx";4204;0,333;3;"src/Common/src/System/Net/SafeCloseSocket.cs";TRUE;0;0;1;0,56;0,139;0,164;NA;0,231;NA;0,177;0,598;0,457;NA;0,213;NA;0,296
"EntityFramework";2909;0,167;2;"src/EntityFramework.Relational/Storage/RelationalConnection.cs";TRUE;0;0;0,88;0,493;0,584;0,534;NA;0,064;0,473;0,541;0,066;NA;0,63;NA;NA;0,102
"EntityFramework";2950;0,242;1;"src/EntityFramework.Relational/Migrations/Internal/Migrator.cs";TRUE;0;0;1;0,56;0,586;0,078;NA;0,132;0,533;0,543;0,707;0,502;0,381;NA;NA;0,26
"EntityFramework";2950;0,242;3;"src/EntityFramework.Relational/Migrations/HistoryRepository.cs";TRUE;0;0;0,895;0,501;0,121;0,219;NA;0,389;0,547;0,218;0,447;0,651;0,556;0,119;NA;0,157
"EntityFramework";2950;0,242;4;"src/EntityFramework.SqlServer/Migrations/SqlServerHistoryRepository.cs";TRUE;0;0;0,86;0,482;0,41;0;NA;0,078;0,395;0,117;0,68;0,665;0,604;0,104;NA;NA
"EntityFramework";3036;0,02;7;"src/EntityFramework.Relational/Query/RelationalQueryModelVisitor.cs";TRUE;0;0;0,868;0,486;0,052;NA;NA;0,149;0,061;0,342;0,091;0,435;0,348;NA;NA;0,291
"EntityFramework";3124;0,02;5;"src/EntityFramework.Relational/Migrations/Internal/MigrationsAssembly.cs";TRUE;0;0;0,782;0,438;0,248;0;0,093;0,07;0,29;0,272;0,926;0,52;0,518;NA;NA;0,377
"EntityFramework";3164;0,067;3;"src/EntityFramework.Relational.Design/ReverseEngineering/Configuration/ModelConfiguration.cs";TRUE;0;0,064;0,908;0,518;0,028;0,177;0;0,139;0;0,049;0;0,033;0,078;0,715;0;0
"EntityFramework";3235;0,02;5;"src/EntityFramework.Relational/Query/Sql/DefaultQuerySqlGenerator.cs";TRUE;0,794;0,002;0,636;0,595;0,149;0;0;0,022;0,181;0,115;0,337;0,117;0,091;0,223;0;0,065
"EntityFramework";3388;0,25;1;"src/EntityFramework.Commands/Migrations/Design/MigrationsScaffolder.cs";TRUE;0,365;0,91;0,925;0,755;0,357;0;0;0,171;0,238;0,227;0,735;0,306;0,27;0,818;0;0,337
"EntityFramework";3422;0,19;1;"src/EntityFramework.Relational/Storage/Internal/RelationalCommand.cs";TRUE;0;0;1;0,56;0,262;NA;NA;NA;NA;0,261;NA;0,335;0,549;NA;NA;NA
"EntityFramework";3422;0,19;5;"src/EntityFramework.Relational/Storage/Internal/RelationalCommandBuilder.cs";TRUE;0;0;0,537;0,301;NA;NA;NA;0,198;NA;0,112;NA;0,461;NA;NA;NA;NA
"EntityFramework";3422;0,19;6;"src/EntityFramework.Relational/Storage/Internal/RelationalCommandBuilderFactory.cs";TRUE;0;0;0,53;0,297;NA;NA;NA;0,208;NA;NA;NA;0,576;NA;NA;NA;NA
"EntityFramework";3491;0,033;10;"src/EntityFramework.Relational/Query/ExpressionVisitors/RelationalEntityQueryableExpressionVisitor.cs";TRUE;0,149;0,055;0,668;0,426;0,285;0,151;0;0,212;0,106;0,12;0,722;0,108;0,234;0,132;0,058;0,262
"EntityFramework";3655;0,167;3;"src/Shared/Check.cs";TRUE;0,058;0;0,978;0,565;0,834;NA;NA;NA;NA;0,688;0;0,408;NA;0,095;NA;NA
"EntityFramework";3732;0,082;5;"src/EntityFramework.Relational/Query/Sql/DefaultQuerySqlGenerator.cs";TRUE;0,452;0,405;0,782;0,63;0,164;0;0;0,081;0,158;0,171;0,882;0,174;0,257;0,215;0;0,007
"EntityFramework";3732;0,082;7;"src/EntityFramework.Relational/Query/RelationalQueryModelVisitor.cs";TRUE;0,424;0,463;0,755;0,615;0,475;0;0,113;0,172;0,012;0,179;0,085;0,258;0,142;0;0;0,339
"EntityFramework";3732;0,082;9;"src/EntityFramework.Relational/Query/ExpressionVisitors/Internal/IncludeExpressionVisitor.cs";TRUE;0,358;0;0,89;0,606;0,24;0;NA;0,167;0,203;0,226;0,869;0,183;0,336;NA;NA;0,19
"EntityFramework";4018;0,167;2;"src/EntityFramework.MicrosoftSqlServer/Query/ExpressionTranslators/Internal/SqlServerStringSubstringTranslator.cs";TRUE;0;0;1;0,56;0,664;0;NA;NA;NA;NA;0,059;NA;NA;1,108;NA;NA
"EntityFramework";4080;0,033;6;"src/EntityFramework.MicrosoftSqlServer/Update/Internal/SqlServerUpdateSqlGenerator.cs";TRUE;0,251;0,142;0,664;0,467;0,009;0,005;0,018;0,086;0,022;0,288;0,029;0,021;0,064;0,399;0;0,044
"EntityFramework";4083;0,042;8;"src/EntityFramework.Relational/Query/ExpressionVisitors/Internal/IncludeExpressionVisitor.cs";TRUE;0,025;0,199;0,825;0,497;0,15;0;0;0,089;0,134;0,321;0,616;0,148;0,377;0;0;0,38
"EntityFramework";4085;0,167;2;"src/EntityFramework.Relational/Query/ExpressionVisitors/Internal/IncludeExpressionVisitor.cs";TRUE;0,025;1;0,807;0,6;0,237;0;0;0,097;0,132;0,414;0,692;0,113;0,445;0;0;0,289
"EntityFramework";4168;0,444;1;"src/EntityFramework.Sqlite.Design/SqliteTableSelectionSetExtensions.cs";TRUE;0;0;1;0,56;0,483;NA;NA;0,305;NA;NA;1,678;0,422;0,748;NA;NA;NA
"EntityFramework";4168;0,444;6;"src/EntityFramework.MicrosoftSqlServer.Design/SqlServerTableSelectionSetExtensions.cs";TRUE;0;0;0,727;0,407;0,513;NA;NA;NA;NA;NA;1,645;0,259;0,632;NA;NA;NA
"EntityFramework";4412;0,1;2;"src/Microsoft.EntityFrameworkCore.Relational/Query/ExpressionVisitors/RelationalEntityQueryableExpressionVisitor.cs";TRUE;0;0,234;0,922;0,549;0,121;0;0,108;0,148;0,102;0,056;0;0,217;0,058;0,735;0;0,265
"EntityFramework";4484;0,04;5;"src/Microsoft.EntityFrameworkCore/Properties/CoreStrings.Designer.cs";TRUE;0,246;1;0,465;0,475;0;0,381;0;0;0;0,291;0;0,104;0,147;0,416;0;0
"gitextensions";528;0,556;1;"GitUI/FormProcess.cs";TRUE;0;0;1;0,56;0,446;0,068;NA;0,427;NA;0,318;0,119;0,654;0,375;0,489;NA;0,05
"gitextensions";528;0,556;3;"GitCommands/Git/GitCommandsInstance.cs";TRUE;0;0;0,695;0,389;0,046;0,385;NA;0,311;NA;0,389;0,054;NA;0,058;NA;NA;0,214
"gitextensions";650;0,333;1;"GitUI/FormCommit.cs";TRUE;0;0,998;1;0,7;0,086;0,285;0;0,356;0;0,439;0;0,097;0,255;0,68;0;0,099
"gitextensions";660;1;1;"GitUI/FormCommit.cs";TRUE;0;1;1;0,7;0,233;0,238;0,124;0,369;0;0,363;0;0,302;0,448;0,42;0;0,308
"gitextensions";727;1;1;"GitUI/FormResolveConflicts.cs";TRUE;0;0;1;0,56;0,118;0,309;NA;0,402;NA;0,389;0;0,372;0,628;0,593;NA;0,209
"gitextensions";737;1;1;"GitUI/FormCommit.cs";TRUE;0,422;1;1;0,827;0,154;0,26;0,793;0,157;0;0,081;0,001;0,199;0,129;0,368;0;0,249
"gitextensions";926;0,105;3;"GitUI/FormBrowse.cs";TRUE;0,414;0;0,721;0,528;0,061;0,178;NA;0,202;NA;0,255;0,131;0,454;0,348;0,026;NA;0,313
"gitextensions";926;0,105;5;"GitCommands/Git/GitModule.cs";TRUE;0,228;0,302;0,519;0,401;0,075;0,148;0,037;0;0;0,237;0,196;0,187;0,386;0,059;0;0,071
"gitextensions";1018;1;1;"GitUI/FormSettings.cs";TRUE;0,726;0,005;1;0,779;0,14;0,237;0,121;0,257;0;0,245;0,301;0,028;0,105;0,548;0;0,385
"gitextensions";1040;0,489;2;"GitCommands/Git/GitModule.cs";TRUE;1;0,321;0,433;0,587;0,092;0,11;0,348;0,01;0;0,1;0;0,072;0,221;0,12;0;0,081
"gitextensions";1040;0,489;3;"GitUI/FormAddToGitIgnore.cs";TRUE;0;0;0,961;0,538;0,359;NA;NA;0,193;NA;0,269;NA;0,157;NA;0,575;NA;0,24
"gitextensions";1040;0,489;10;"GitUI/FormAddToGitIgnore.Designer.cs";TRUE;0;0,001;0,72;0,403;0,501;0,244;0;0,215;0;0,086;0;0;0;0,432;0;0
"gitextensions";1054;0,3;2;"GitUI/FormRemoteProcess.cs";TRUE;0,274;0;1;0,642;0,06;0,039;NA;0,245;NA;0,156;0;0,45;0,141;0,264;NA;0,512
"gitextensions";1054;0,3;5;"GitUI/FormRemotes.cs";TRUE;0,216;0,002;0,717;0,466;0,12;0,031;0;0,2;0;0,216;0,089;0;0,134;0,374;0;0,313
"gitextensions";1063;0,667;1;"GitCommands/Git/GitModule.cs";TRUE;1;0,034;0,676;0,683;0,31;0,184;0,312;0;0;0,05;0;0,132;0,294;0,194;0,086;0,17
"gitextensions";1063;0,667;2;"GitCommands/CommitData.cs";TRUE;0,218;0;0,972;0,61;0,39;0,113;0,676;0,078;NA;0,281;NA;0,285;0,454;0,226;0,042;0,379
"gitextensions";1089;0,288;4;"GitCommands/Strings.cs";TRUE;0;0;0,859;0,481;0,024;NA;NA;0,255;NA;0,315;0;NA;NA;0,956;NA;NA
"gitextensions";1089;0,288;5;"GitCommands/Git/GitCommandHelpers.cs";TRUE;0,523;0,035;0,518;0,452;0,106;0,104;0,028;0;0;0,198;0;0,112;0,328;0,038;0,068;0,07
"gitextensions";1089;0,288;6;"GitUI/RevisionGrid.cs";TRUE;0,115;0,002;0,734;0,446;0,049;0,413;0,173;0,038;0;0,201;0,037;0,136;0,164;0,102;0,068;0,105
"gitextensions";1092;0,2;5;"GitCommands/Git/GitCommandHelpers.cs";TRUE;0,523;0,766;0,629;0,616;0,007;0,24;0,164;0,233;0;0,13;0,001;0,164;0,076;0,063;0;0,216
"gitextensions";1104;1;1;"GitUI/FormSettings.cs";TRUE;0,673;0,161;0,675;0,602;0,015;0,072;0,12;0,131;0;0,184;0,027;0;0,176;0,122;0;0,036
"gitextensions";1128;1;1;"GitPlugin/Plugin.cs";TRUE;0,177;0,004;1;0,614;0;0,109;0;0,179;0;0,35;0,001;0,311;0;0,419;0;0
"gitextensions";1128;1;2;"GitPlugin/Connect.cs";TRUE;0,261;0,003;0,916;0,591;0,577;0,188;0;0;0;0,333;0,001;0,295;0;0,222;0;0
"gitextensions";1161;0,5;1;"GitUI/FormBrowse.cs";TRUE;0,61;0,027;0,777;0,622;0,264;0,078;0;0,075;0,521;0,119;0,001;0,062;0,155;0,155;0;0,221
"gitextensions";1180;0,029;7;"GitUI/Blame/BlameControl.cs";TRUE;0,001;1;0,496;0,418;0,352;0;0;0,235;0;0,193;0,839;0,095;0,105;0;0;0,311
"gitextensions";1199;1;1;"GitUI/FormCommit.cs";TRUE;0,227;1;1;0,768;0,262;0,266;0,204;0,158;0;0,176;0;0,222;0,136;0,271;0;0,315
"gitextensions";1209;0,05;5;"GitCommands/Git/GitModule.cs";TRUE;0,699;0,115;0,392;0,445;0,029;0,227;0;0,145;0;0,113;0,001;0,111;0,033;0,149;0;0,125
"gitextensions";1264;1;1;"GitUI/FormSettings.cs";TRUE;0,226;0,386;0,992;0,677;0,017;0,144;0;0,209;0;0,162;0,001;0,271;0,164;0,025;0;0,031
"gitextensions";1294;1;1;"GitUI/WindowPositionList.cs";TRUE;0;0;1;0,56;1,075;0,404;NA;NA;NA;NA;0,003;NA;NA;0,787;NA;0,316
"gitextensions";1294;1;2;"GitUI/GitExtensionsForm.cs";TRUE;0,167;0,002;0,809;0,504;0,81;0,339;0;0,168;0;0,332;0,09;0,272;0,4;0;0;0,387
"gitextensions";1301;0,25;2;"GitCommands/Git/GitCommandHelpers.cs";TRUE;1;0,629;0,56;0,702;0,074;0,226;0,023;0,034;0;0,115;0;0,253;0,067;0,108;0;0,111
"gitextensions";1347;0,2;5;"GitUI/Editor/XHTML2RTF.cs";TRUE;0,027;0,063;0,74;0,431;0,278;0,059;0;0;0;0;0;0,273;0;0;0,366;0,136
"gitextensions";1353;1;1;"GitCommands/SynchronizedProcessReader.cs";TRUE;0,298;0;1;0,65;0,114;0,221;NA;NA;NA;0,07;0,264;0,563;0,08;NA;NA;0,307
"gitextensions";1353;1;2;"GitCommands/Git/GitCommandHelpers.cs";TRUE;1;0,216;0,56;0,644;0,115;0,15;0,259;0,082;0;0,115;0,132;0,222;0,088;0,057;0;0,152
"gitextensions";1354;0,056;6;"GitUI/DashboardItem.cs";TRUE;0,041;0;0,75;0,433;0,176;0,262;NA;0,331;NA;0,038;0,002;0,071;0,231;NA;NA;NA
"gitextensions";1396;1;1;"GitUI/FormSettings.cs";TRUE;0,652;0,858;0,917;0,829;0,204;0,1;0,032;0,263;0;0,241;0,225;0,056;0,116;0,391;0;0,369
"gitextensions";1428;0,5;2;"GitUI/FormCommit.cs";TRUE;0,551;1;0,671;0,681;0,223;0,265;0,787;0,168;0;0,188;0,022;0,426;0,226;0,279;0;0,22
"gitextensions";1464;0,125;8;"GitUI/GitUICommands.cs";TRUE;0,228;0,063;0,761;0,503;0,201;0,139;0;0,024;0,222;0,192;0,362;0,18;0,087;0,261;0;0,189
"gitextensions";1475;0,167;6;"GitUI/Tag/FormTagSmall.Designer.cs";TRUE;0,219;0,001;0,815;0,522;0,45;0,383;0;0,345;0;0,282;0,661;0;0;0,479;0;0
"gitextensions";1493;0,7;1;"GitPlugin/Connect.cs";TRUE;0,705;0,571;0,958;0,828;0,376;0,213;0;0;0;0,24;0,001;0,358;0,024;0,125;0;0,058
"gitextensions";1493;0,7;5;"GitPlugin/Plugin.cs";TRUE;0,307;0,573;0,821;0,632;0,014;0,195;0;0,237;0;0,222;0,001;0,216;0;0,113;0;0,011
"gitextensions";1502;0,333;3;"GitCommands/Git/GitCommandHelpers.cs";TRUE;0,588;0,1;0,611;0,532;0,29;0,089;0,572;0,162;0;0,143;0,361;0,073;0,28;0,213;0;0,207
"gitextensions";1565;0,25;4;"GitUI/FormDeleteBranch.Designer.cs";TRUE;0,026;0,002;0,958;0,544;0,847;0,523;0;0,517;0;0,578;0;0;0,312;0,558;0;0
"gitextensions";1570;1;1;"GitUI/FormCommit.cs";TRUE;0,502;1;0,839;0,76;0,105;0,113;0,553;0,119;0;0,183;0;0,268;0,113;0,112;0,128;0,189
"Glimpse";245;0,25;4;"source/Glimpse.AspNet/PreBodyTagFilter.cs";TRUE;0,513;0,132;0,511;0,459;0;0;0;0;0;0;0,051;0,372;0,343;0;0;0,292
"Glimpse";254;0,063;4;"source/Glimpse.Mvc3/Tab/ModelBinding.cs";TRUE;0;0;0,762;0,427;0,491;NA;NA;NA;0,089;0,545;0,109;0,533;0,171;0,185;NA;0,201
"Glimpse";255;0,442;2;"source/Glimpse.Core/Framework/GlimpseRuntime.cs";TRUE;1;0;0,548;0,607;NA;NA;NA;0,201;0,191;0,15;NA;NA;0,214;0,072;NA;0,115
"Glimpse";255;0,442;3;"source/Glimpse.Core/Resource/PopupResource.cs";TRUE;0,196;0;0,961;0,597;0,186;0,138;NA;0,162;NA;NA;NA;NA;NA;0,218;NA;0,385
"Glimpse";255;0,442;5;"source/Glimpse.AspNet/Extensions/HttpContextExtensions.cs";TRUE;0,513;1;0,466;0,555;0;0;0;0;0;0,386;0;0;0;0,089;0;0,278
"Glimpse";258;1;1;"source/Glimpse.Mvc3/AlternateType/AsyncActionInvoker.cs";TRUE;0,652;1;0,784;0,774;0,491;0,55;0;0,052;0,28;0,228;0,261;0,041;0,207;0,422;0;0,249
"Glimpse";264;0,1;5;"source/Glimpse.AspNet/SerializationConverter/ListOfRouteModelConverter.cs";TRUE;0,206;0;0,85;0,538;0,246;NA;NA;NA;NA;0,15;0,113;0,195;0,238;0,288;NA;NA
"Glimpse";329;1;1;"source/Glimpse.Core/Extensibility/NuGetPackageAttribute.cs";TRUE;0;0;1;0,56;0,251;0,08;0,577;NA;NA;0,098;NA;NA;NA;NA;NA;NA
"Glimpse";426;0,143;7;"source/Glimpse.Core/Resource/ConfigurationResource.cs";TRUE;1;0,039;0,347;0,5;0,02;0,142;0;0;0;0,061;0;0;0,109;0,202;0;0,113
"Glimpse";502;0,037;9;"source/Glimpse.AspNet/AspNetFrameworkProvider.cs";TRUE;0,037;0,02;0,574;0,335;0,234;0,075;0;0,308;0;0,242;0,378;0,005;0,152;0,338;0;0,329
"Glimpse";594;0,1;10;"source/Glimpse.WebForms/Tab/ControlTree.cs";TRUE;0;0;0,666;0,373;0,161;0,172;NA;NA;NA;NA;NA;NA;NA;0,084;NA;0,096
"Glimpse";618;0,5;2;"source/Glimpse.WebForms/Tab/ControlTree.cs";TRUE;0,335;0,355;0,549;0,458;0,158;0,274;0;0,298;0;0;1,586;0;0,045;0,378;0;0,332
"Glimpse";619;0,1;10;"source/Glimpse.Mvc5/Properties/AssemblyInfo.cs";TRUE;0;0,068;0,46;0,267;0;0,128;0;0;0;0,073;0,004;0;0;0,254;0;0
"Glimpse";629;0,25;4;"source/Glimpse.WebForms/Support/ViewStateFormatter.cs";TRUE;0;0;0,683;0,383;0,142;NA;NA;NA;NA;0,016;NA;0,238;0,138;0,298;NA;0,359
"Glimpse";632;0,5;2;"source/Glimpse.AspNet/AspNetFrameworkProvider.cs";TRUE;0,024;0,481;1;0,635;0,245;0,17;0;1,204;0;0,377;0,057;0;0,366;0,195;0;0,115
"Glimpse";637;0,042;3;"source/Glimpse.Mvc/Tab/ModelBinding.cs";TRUE;0;0,297;0,988;0,595;0,315;0;0;0;0;0,439;0,573;0,204;0,182;0,449;0;0,17
"Glimpse";666;0,125;8;"source/Glimpse.AspNet/Model/RequestModel.cs";TRUE;0;0;0,466;0,261;0,392;NA;NA;NA;NA;0,235;0,005;0,08;0,391;NA;NA;0,329
"Hearthstone-Deck-Tracker";1005;0,333;3;"Hearthstone Deck Tracker/GameEventHandler.cs";TRUE;0;0;0,993;0,556;0,18;0,197;0,389;0,137;NA;0,209;0,361;0,125;0,277;0,272;NA;0,13
"Hearthstone-Deck-Tracker";1500;0,143;7;"Hearthstone Deck Tracker/Hearthstone/Player.cs";TRUE;0;0;0,625;0,35;0,191;0,127;0,935;0,036;NA;0,128;NA;0,179;0,18;0,136;NA;0,213
"Hearthstone-Deck-Tracker";1680;0,5;2;"Hearthstone Deck Tracker/Exporting/ExportingActions.cs";TRUE;0,547;1;0,752;0,725;0,386;0,093;0;0,346;0;0,101;1,57;0,105;0,119;0,191;0;0,023
"Hearthstone-Deck-Tracker";1700;0,333;1;"Hearthstone Deck Tracker/TurnTimer.cs";TRUE;0;0;1;0,56;0,583;0,693;NA;0,482;NA;0,429;NA;0,793;0,445;NA;NA;NA
"Hearthstone-Deck-Tracker";1700;0,333;6;"Hearthstone Deck Tracker/GameEventHandler.cs";TRUE;0;0;0,711;0,398;0,328;0,407;NA;0,126;NA;0,22;NA;0,068;0,126;0,154;0,206;0,217
"Hearthstone-Deck-Tracker";1705;0,167;6;"Hearthstone Deck Tracker/GameEventHandler.cs";TRUE;0;1;0,4;0,364;0,237;0,08;0;0,168;0;0,144;0;0;0,114;0,217;0;0,034
"Hearthstone-Deck-Tracker";1735;0,056;9;"Hearthstone Deck Tracker/Hearthstone/Player.cs";TRUE;0;0,47;0,473;0,331;0,087;0,1;0,547;0,086;0;0,411;0;0,09;0,212;0,534;0;0,027
"ILSpy";46;1;1;"ILSpy/AboutPage.cs";TRUE;0,47;0;1;0,701;0,245;0,147;NA;0,254;NA;0,171;NA;NA;0,601;0,258;NA;0,354
"ILSpy";74;0,167;3;"SharpTreeView/SharpTreeView.cs";TRUE;0;0;0,968;0,542;0,074;0,419;NA;0,071;NA;0,126;0,607;0,052;0,139;0,096;NA;0,192
"ILSpy";185;0,25;4;"ICSharpCode.Decompiler/ILAst/ILAstOptimizer.cs";TRUE;0;0,57;0,954;0,614;0,365;0,274;0,148;0,269;0;0,17;0,184;0,036;0,039;0,068;0;0,042
"ILSpy";202;0,067;5;"ICSharpCode.Decompiler/ILAst/ILAstOptimizer.cs";TRUE;0,322;1;0,341;0,428;0,14;0,113;0,04;0,017;0;0,047;0,442;0,021;0,008;0,003;0;0,039
"ILSpy";211;0,125;8;"ICSharpCode.Decompiler/ILAst/InitializerPeepholeTransforms.cs";TRUE;0;0;0,927;0,519;0,42;0,237;0,116;0,086;NA;0,178;1,29;0,141;0,193;0,205;NA;0,112
"ILSpy";218;0,333;3;"ILSpy/TreeNodes/FieldTreeNode.cs";TRUE;0;0;0,838;0,469;0,194;0,203;0,684;0,187;0,414;0,219;0,187;0,323;0,387;0,873;NA;NA
"ILSpy";230;0,815;1;"ILSpy/SearchPane.cs";TRUE;0;0;1;0,56;0,37;0,223;NA;0,148;NA;0,152;0,002;0,301;0,252;0,248;NA;0,308
"ILSpy";230;0,815;2;"ILSpy/TreeNodes/Analyzer/AnalyzedTypeExtensionMethodsTreeNode.cs";TRUE;0;0;0,947;0,53;0,111;NA;NA;0,414;NA;0,047;0,205;0,203;NA;0,097;NA;0,309
"ILSpy";230;0,815;3;"ILSpy/TreeNodes/Analyzer/AnalyzedMethodOverridesTreeNode.cs";TRUE;0;0;0,94;0,526;0,101;0,344;NA;0,424;NA;0,049;0,177;0,163;0,033;0,122;NA;0,175
"ILSpy";230;0,815;5;"ILSpy/TreeNodes/Analyzer/AnalyzedInterfaceMethodImplementedByTreeNode.cs";TRUE;0;0;0,902;0,505;0,108;NA;NA;0,42;NA;0,052;0,191;0,209;NA;0,162;NA;0,157
"ILSpy";230;0,815;6;"ILSpy/TreeNodes/Analyzer/AnalyzedMethodUsesTreeNode.cs";TRUE;0;0;0,835;0,468;0,126;NA;NA;0,48;NA;NA;0,239;0,215;NA;0,171;NA;NA
"ILSpy";230;0,815;7;"ILSpy/TreeNodes/Analyzer/AnalyzedVirtualMethodUsedByTreeNode.cs";TRUE;0;0;0,834;0,467;0,092;NA;0,148;0,352;NA;0,184;0,163;0,21;0,04;0,152;NA;0,147
"ILSpy";230;0,815;8;"ILSpy/TreeNodes/Analyzer/AnalyzedMethodUsedByTreeNode.cs";TRUE;0;0;0,828;0,464;0,101;NA;NA;0,35;NA;0,055;0,171;0,21;NA;0,171;NA;0,198
"ILSpy";230;0,815;9;"ILSpy/TreeNodes/Analyzer/AnalyzedTypeInstantiationsTreeNode.cs";TRUE;0;0;0,815;0,456;0,102;NA;NA;0,319;NA;0,049;0,18;0,203;NA;0,111;NA;0,263
"ILSpy";230;0,815;10;"ILSpy/TreeNodes/Analyzer/AnalyzedTypeTreeNode.cs";TRUE;0;0;0,815;0,456;0,19;NA;NA;0,249;NA;0,108;0,275;0,204;NA;0,18;NA;NA
"ILSpy";231;1;1;"ILSpy/MainWindow.xaml.cs";TRUE;0,097;0,013;1;0,591;0,237;0,489;0;0,224;0,195;0,134;0,37;0,173;0,132;0,422;0;0,133
"ILSpy";232;0,25;2;"ICSharpCode.Decompiler/ILAst/ILAstOptimizer.cs";TRUE;0,492;1;0,508;0,572;0,059;0,095;0,004;0,077;0;0,044;0,32;0,102;0,041;0,114;0;0,021
"ILSpy";239;0,056;9;"ICSharpCode.Decompiler/ILAst/TypeAnalysis.cs";TRUE;0,61;0;0,361;0,385;NA;0,147;0,181;0,116;NA;0,012;0,103;NA;0,342;NA;NA;NA
"ILSpy";241;0,25;1;"ICSharpCode.Decompiler/ILAst/TypeAnalysis.cs";TRUE;0,61;0,019;1;0,746;0,314;0,189;0,075;0,075;0;0,245;0,058;0,4;0,38;0,304;0;0,266
"ILSpy";248;0,167;3;"ICSharpCode.Decompiler/ILAst/TypeAnalysis.cs";TRUE;0,992;0,19;0,21;0,442;0,044;0,119;0,012;0,005;0;0,039;0,374;0,003;0,093;0,004;0;0,012
"ILSpy";249;0,333;1;"ICSharpCode.Decompiler/ILAst/InitializerPeepholeTransforms.cs";TRUE;0,188;1;0,754;0,618;0,014;0,155;0,009;0,216;0;0,125;0,089;0,12;0,324;0,112;0;0,201
"ILSpy";249;0,333;3;"ICSharpCode.Decompiler/ILAst/TypeAnalysis.cs";TRUE;0,993;0,423;0,368;0,563;0,029;0,157;0,007;0,121;0;0,017;0,111;0,021;0,217;0,022;0;0,045
"ILSpy";271;0,25;2;"ICSharpCode.Decompiler/Ast/AstMethodBodyBuilder.cs";TRUE;0,558;0,226;0,677;0,578;0,105;0,168;0,001;0,034;0;0,073;0,339;0,11;0,066;0,122;0,865;0,145
"ILSpy";294;0,272;2;"ILSpy/TreeNodes/FieldTreeNode.cs";TRUE;0;0,732;0,751;0,523;0,166;0,156;0,264;0,065;0,891;0,164;0,928;0;0,087;0;0;0,01
"ILSpy";294;0,272;5;"ILSpy/Images/Images.cs";TRUE;0;0;0,855;0,479;0,062;NA;0,302;0,165;NA;0,166;0,006;0,279;0,081;0,165;NA;0,235
"ILSpy";294;0,272;9;"ILSpy/TreeNodes/EventTreeNode.cs";TRUE;0;0,003;0,777;0,435;0,157;0,163;0,267;0,117;0,891;0,164;0,96;0;0,08;0;0;0
"ILSpy";294;0,272;10;"ILSpy/TreeNodes/MethodTreeNode.cs";TRUE;0;0,003;0,773;0,433;0,161;0,339;0,262;0,09;0,891;0,18;0,923;0;0,072;0;0;0
"ILSpy";299;0,125;8;"ICSharpCode.Decompiler/ILAst/TypeAnalysis.cs";TRUE;1;0,24;0,29;0,496;0,022;0,142;0,001;0,01;0;0,102;0,04;0,001;0,097;0,002;0;0,01
"ILSpy";397;0,029;7;"NRefactory/ICSharpCode.NRefactory.VB/Visitors/CSharpToVBConverterVisitor.cs";TRUE;0,727;0;0,24;0,352;0,025;0,045;0,028;0,113;NA;0,115;0,103;0,056;0,152;0,028;NA;0,047
"ILSpy";468;0,25;2;"ICSharpCode.Decompiler/ILAst/YieldReturnDecompiler.cs";TRUE;0,003;0;0,948;0,532;0,236;0,241;0,274;0,235;NA;0,147;0,377;0,11;0,183;0,13;0,281;0,164
"ILSpy";509;0,111;3;"ILSpy.AddIn/ILSpyAddInPackage.cs";TRUE;0;0;0,761;0,426;0,073;0,395;NA;0,124;NA;0,276;0,38;0,407;0,251;0,463;NA;NA
"ILSpy";549;0,333;3;"ILSpy/TreeNodes/Analyzer/AnalyzedTypeUsedByTreeNode.cs";TRUE;0;0;0,982;0,55;0,176;0;NA;0,256;NA;0,082;0,384;0,165;0,008;0,404;NA;0,391
"MahApps.Metro";853;0,25;4;"MahApps.Metro/Behaviours/BorderlessWindowBehavior.cs";TRUE;0;0;0,869;0,486;0,517;0,18;NA;0,032;NA;0,076;0,015;0,032;0,167;0,159;NA;0,249
"MahApps.Metro";874;0,333;1;"MahApps.Metro/Behaviours/BorderlessWindowBehavior.cs";TRUE;0,585;1;0,836;0,784;0,246;0,215;0;0,155;0;0,103;0,003;0;0,338;0,108;0;0,309
"MahApps.Metro";1183;0,143;7;"MahApps.Metro/Controls/NumericUpDown.cs";TRUE;0,427;0;0,13;0,201;NA;0,044;NA;0,076;NA;0,018;0,295;NA;0,078;0,069;NA;0,206
"MahApps.Metro";1275;0,5;1;"MahApps.Metro/Behaviours/BorderlessWindowBehavior.cs";TRUE;0,328;1;1;0,798;0,258;0,389;0;0,314;0;0,287;0,666;0,565;0,31;0,175;0;0,499
"MahApps.Metro";1411;0,25;4;"MahApps.Metro/Controls/MetroWindow.cs";TRUE;0,203;1;0,374;0,411;0,105;0,113;0;0,075;0;0,147;0;0,43;0,366;0,082;0;0,105
"MahApps.Metro";1764;1;1;"MahApps.Metro/Controls/Helper/TextBoxHelper.cs";TRUE;0;0;1;0,56;0,93;0,4;NA;0,396;NA;0,421;0,01;NA;NA;0,479;NA;0,501
"MahApps.Metro";1845;0,5;2;"MahApps.Metro/Controls/Dialogs/DialogManager.cs";TRUE;0,001;0;1;0,56;0,361;0,232;0,698;0,599;NA;0,482;0,927;0,748;0,268;0,403;NA;0,643
"MahApps.Metro";1867;0,75;1;"MahApps.Metro/Controls/ToggleSwitch.cs";TRUE;0;0;1;0,56;0,241;0,142;NA;0,284;NA;0,221;NA;0,051;0,748;0,692;NA;0,459
"MahApps.Metro";1867;0,75;4;"MahApps.Metro/Converters/OffOnConverter.cs";TRUE;0;0;0,502;0,281;0,229;NA;NA;NA;NA;NA;NA;NA;1,237;NA;NA;NA
"MahApps.Metro";2020;1;1;"MahApps.Metro/Controls/DataGridNumericUpDownColumn.cs";TRUE;0;0;1;0,56;0,829;0,099;NA;0,109;NA;0,482;NA;0,106;0,218;NA;NA;0,8
"MahApps.Metro";2324;1;1;"MahApps.Metro/Controls/MetroWindow.cs";TRUE;0,707;1;0,377;0,563;0,145;0,287;0,402;0,269;0;0,152;0,295;0,181;0,461;0,207;0;0,261
"Mvc";2252;0,667;1;"src/Microsoft.AspNet.Mvc.Razor/RazorView.cs";TRUE;0;0;1;0,56;0,012;0,508;NA;NA;0,133;0,62;0,38;0,34;0,642;NA;NA;0,68
"Mvc";2252;0,667;2;"src/Microsoft.AspNet.Mvc.Razor/RazorPage.cs";TRUE;0;0;0,775;0,434;0,002;0,529;NA;0,424;NA;0,45;0,293;0,303;0,634;0,021;NA;0,104
"Mvc";2252;0,667;3;"src/Microsoft.AspNet.Mvc.Razor/Properties/Resources.Designer.cs";TRUE;0;0;0,698;0,391;NA;0,661;NA;NA;NA;0,463;NA;NA;0,467;0,486;NA;NA
"Mvc";2252;0,667;4;"src/Microsoft.AspNet.Mvc.Razor/IRazorPage.cs";TRUE;0;0;0,601;0,337;0,015;0,706;NA;NA;NA;0,239;NA;NA;0,938;NA;NA;NA
"Mvc";2276;0,02;7;"src/Microsoft.AspNet.Mvc.Core/SessionStateTempDataProvider.cs";TRUE;0;0;0,583;0,327;0,371;0,075;NA;0,413;0,501;0,302;0;NA;NA;0,43;NA;0,42
"Mvc";2278;0,083;4;"src/Microsoft.AspNet.Mvc.Razor/RazorPageActivator.cs";TRUE;0;0;0,828;0,464;0,558;0,411;NA;0,128;0,386;0,304;0,024;0,613;0,522;0,07;NA;0,612
"Mvc";2336;0,333;2;"src/Microsoft.AspNet.Mvc.TagHelpers/InputTagHelper.cs";TRUE;0;0;1;0,56;0,184;0,392;1,119;0,406;0,391;0,436;0,727;0,397;0,397;0,18;NA;0,366
"Mvc";2336;0,333;4;"src/Microsoft.AspNet.Mvc.Core/Rendering/Html/DefaultHtmlGenerator.cs";TRUE;0;0;0,796;0,446;0,206;0,355;1,095;0,26;0,226;0,367;0,153;0,283;0,339;0,218;NA;0,203
"Mvc";2464;0,034;7;"src/Microsoft.AspNet.Mvc.Abstractions/ModelBinding/ModelStateDictionary.cs";TRUE;0;0;0,786;0,44;0,59;0,267;1,158;0,063;NA;0,209;0,109;0,108;0,115;NA;0,125;0,48
"Mvc";2464;0,034;10;"src/Microsoft.AspNet.Mvc.Core/ModelBinding/Validation/DefaultObjectValidator.cs";TRUE;0;0,026;0,712;0,402;0,059;0,237;1,171;0;0,135;0,162;0,833;0,194;0,241;0;0;0,272
"Mvc";2527;0,033;6;"src/Microsoft.AspNet.Mvc.Core/ModelBinding/FormCollectionModelBinder.cs";TRUE;0;0;0,678;0,38;0,492;0,339;NA;NA;0,196;0,044;0,348;0,029;0,067;NA;NA;0,387
"Mvc";2648;0,444;1;"src/Microsoft.AspNet.Mvc/MvcServiceCollectionExtensions.cs";TRUE;1;0;0,554;0,61;0,346;0,403;NA;NA;0,207;0,678;0,002;0,26;NA;NA;NA;0,061
"Mvc";2648;0,444;6;"src/Microsoft.AspNet.Mvc/Properties/AssemblyInfo.cs";TRUE;1;0;0,177;0,399;NA;NA;NA;NA;NA;NA;0,643;NA;NA;0,598;NA;NA
"Mvc";2776;0,011;9;"src/Microsoft.AspNet.Mvc.Core/ModelBinding/Metadata/DefaultModelMetadata.cs";TRUE;0,269;0,101;0,748;0,514;0,314;0,174;0,446;0,17;0,11;0,255;0,202;0,083;0,294;0,128;0,182;0,218
"Mvc";2859;0,25;2;"src/Microsoft.AspNet.Mvc.Core/UrlHelper.cs";TRUE;0,195;0;1;0,619;0,53;0,182;NA;NA;NA;0,269;0;0,363;0,207;0,496;NA;0,173
"Mvc";2900;0,156;1;"src/Microsoft.AspNet.Mvc.Core/ModelBinding/CompositeModelBinder.cs";TRUE;0;0;1;0,56;NA;0,173;1,2;0,237;NA;0,291;0;NA;0,378;NA;NA;0,618
"Mvc";2900;0,156;5;"src/Microsoft.AspNet.Mvc.Abstractions/ModelBinding/OperationBindingContext.cs";TRUE;0;0;0,796;0,446;NA;0,145;1,2;0,467;NA;NA;0;NA;0,449;NA;NA;NA
"Mvc";2947;0,063;4;"src/Microsoft.AspNet.Mvc.ViewFeatures/ViewExecutor.cs";TRUE;0,351;0;0,716;0,506;0,29;0,158;NA;0,775;NA;NA;0,125;0,371;0,029;0,144;NA;0,33
"Mvc";2986;0,333;2;"src/Microsoft.AspNet.Mvc.Core/ModelBinding/Metadata/DefaultModelMetadataProvider.cs";TRUE;0;0,318;1;0,605;0,4;0,301;0;0;0,099;0,309;1,115;0,219;0,618;0;0,471;0,291
"Mvc";2986;0,333;4;"src/Microsoft.AspNet.Mvc.Core/ModelBinding/MutableObjectModelBinder.cs";TRUE;0,013;0,992;0,739;0,557;0,331;0,296;0,297;0,154;0,067;0,258;0,187;0,363;0,425;0;0;0,201
"Mvc";3100;0,5;1;"src/Microsoft.AspNet.Mvc.Razor/RazorView.cs";TRUE;0,001;0,878;1;0,683;0,101;0,364;0;0;0,086;0,389;0;0,4;0,346;0;0;0,489
"Mvc";3100;0,5;4;"src/Microsoft.AspNet.Mvc.Razor/Properties/Resources.Designer.cs";TRUE;0,003;1;0,423;0,377;0;0,283;0;0;0;0,179;0;0;0,17;0,217;0;0
"Mvc";3177;0,26;1;"src/Microsoft.AspNet.Mvc.ViewFeatures/ViewFeatures/ViewExecutor.cs";TRUE;0,623;1;0,757;0,751;0,383;0,173;0;0,411;0;0;0,236;0,31;0,273;0,063;0;0,202
"Mvc";3177;0,26;2;"src/Microsoft.AspNet.Mvc.ViewFeatures/ViewComponentResult.cs";TRUE;0,708;0,943;0,695;0,733;0,318;0,232;0;0,382;0,199;0,118;0,213;0;0,281;0;0;0,406
"Mvc";3177;0,26;5;"src/Microsoft.AspNet.Mvc.Core/ContentResult.cs";TRUE;0,251;0,446;0,683;0,52;0,62;0,141;0;0,411;0;0,152;0,101;0;0,322;0,022;0;0,189
"Mvc";3211;0,048;7;"src/Microsoft.AspNet.Mvc.ViewFeatures/ViewComponents/ViewComponentMethodSelector.cs";TRUE;0;0;0,89;0,498;0,328;0,248;NA;0,201;NA;0,161;1,429;0,44;0,014;1,07;NA;0,211
"Mvc";3294;0,167;1;"src/Microsoft.AspNet.Mvc.Razor.Host/ViewHierarchyUtility.cs";TRUE;0,357;0,662;1;0,76;0,826;0,289;0;0,821;0;0,427;0,294;0,244;0;0,319;0;0,375
"Mvc";3556;0,5;1;"src/Microsoft.AspNet.Mvc.Razor/RazorViewEngine.cs";TRUE;0,826;0,01;0,928;0,769;0,099;0,263;0,016;0,335;0,119;0,057;0,113;0,064;0,287;0,705;0,44;0,219
"Mvc";3755;0,067;7;"src/Microsoft.AspNet.Mvc.Razor/Compilation/RazorCompilationService.cs";TRUE;0,105;0,036;0,834;0,504;0,397;0,231;0;0;0,406;0,451;0,99;0,313;0,175;0;0,719;0,284
"Mvc";3755;0,067;9;"src/Microsoft.AspNet.Mvc.Razor/RazorViewEngine.cs";TRUE;0,431;0,157;0,511;0,437;0,202;0,114;0;0,207;0,348;0,274;0,188;0,235;0,201;0,215;0,756;0,189
"Mvc";3755;0,067;10;"src/Microsoft.AspNet.Mvc.Razor/Compilation/RoslynCompilationService.cs";TRUE;0,105;0,036;0,714;0,436;0,317;0,196;0;0,124;0;0,293;0,461;0,305;0,46;0;0,719;0,238
"Mvc";3907;0,036;4;"src/Microsoft.AspNet.Mvc.Core/Properties/Resources.Designer.cs";TRUE;0,744;0,168;0,369;0,453;0;0,143;0;0;0;0,159;0;0;0,154;0,191;0;0
"Mvc";3979;0,89;1;"src/Microsoft.AspNetCore.Mvc.Abstractions/Filters/IAsyncAuthorizationFilter.cs";TRUE;0;0;1;0,56;1,438;0;NA;NA;0,819;0,859;0,668;0,179;NA;NA;NA;NA
"Mvc";3979;0,89;2;"src/Microsoft.AspNetCore.Mvc.Abstractions/Filters/IAuthorizationFilter.cs";TRUE;0;0;0,905;0,507;1,511;0;NA;NA;0,068;0,837;1,026;0,179;NA;NA;NA;NA
"Mvc";3979;0,89;3;"src/Microsoft.AspNetCore.Mvc.Cors/Internal/DisableCorsAuthorizationFilter.cs";TRUE;0;0;0,901;0,505;0,742;0,459;NA;NA;0,784;0,704;0,329;0,179;0,107;NA;NA;NA
"Mvc";3979;0,89;4;"src/Microsoft.AspNetCore.Mvc.Core/Internal/MvcCoreDiagnosticSourceExtensions.cs";TRUE;0;0;0,836;0,468;0,565;0;NA;NA;0,312;0,277;0,491;0,68;0,746;0,514;NA;NA
"Mvc";3979;0,89;5;"src/Microsoft.AspNetCore.Mvc.Core/Internal/AuthorizeFilter.cs";TRUE;0;0;0,758;0,425;0,54;0,423;NA;NA;0,613;0,859;0,339;0,028;0,103;NA;NA;0,226
"Mvc";3979;0,89;6;"src/Microsoft.AspNetCore.Mvc.Cors/Internal/CorsAuthorizationFilter.cs";TRUE;0;0;0,751;0,421;0,826;0,343;NA;NA;0,739;0,417;0,42;0,084;0,09;NA;NA;0,282
"Mvc";3979;0,89;7;"src/Microsoft.AspNetCore.Mvc.Core/Filters/AuthorizationFilterAttribute.cs";TRUE;0;0,001;0,669;0,375;0,938;0;0;0;0,503;0,527;0,629;0,061;0,055;0;0;0
"Mvc";3979;0,89;8;"src/Microsoft.AspNetCore.Mvc.ViewFeatures/Internal/ValidateAntiforgeryTokenAuthorizationFilter.cs";TRUE;0;0;0,655;0,367;0,804;0;NA;NA;0,465;0,282;0,351;0,122;0,177;0,094;NA;0,298
"Mvc";3979;0,89;10;"src/Microsoft.AspNetCore.Mvc.Core/RequireHttpsAttribute.cs";TRUE;0;0;0,517;0,289;0,731;0;NA;NA;0,08;0,333;1,038;0,121;0,08;NA;NA;NA
"Mvc";4013;0,069;7;"src/Microsoft.AspNetCore.Mvc.TagHelpers/AnchorTagHelper.cs";TRUE;0;0;0,8;0,448;0,202;0,191;NA;0,151;0,131;0,446;0,844;0,275;0,142;0,252;NA;0,213
"Mvc";4013;0,069;10;"src/Microsoft.AspNetCore.Mvc.TagHelpers/FormTagHelper.cs";TRUE;0;0,132;0,67;0,394;0,215;0,229;0;0,178;0,131;0,325;0,844;0,067;0,154;0,305;0;0,146
"Mvc";4050;0,6;1;"src/Microsoft.AspNetCore.Mvc.Core/Formatters/OutputFormatter.cs";TRUE;0,508;0,158;1;0,734;0,675;0,406;0;0,729;0,4;0,434;0,53;0,33;0,74;0;1,567;0,527
"Mvc";4050;0,6;2;"src/Microsoft.AspNetCore.Mvc.Core/Formatters/InputFormatter.cs";TRUE;0,492;0,185;0,867;0,659;0,661;0,497;0;0;0,434;0,248;0,611;0,093;1,145;0;0;0,859
"Mvc";4050;0,6;3;"src/Microsoft.AspNetCore.Mvc.Core/Properties/Resources.Designer.cs";TRUE;1;0,492;0,261;0,515;0;0,35;0;0;0;0,23;0;0,288;0,182;0,283;0;0
"Mvc";4136;0,083;6;"src/Microsoft.AspNetCore.Mvc.Core/Infrastructure/DefaultAssemblyProvider.cs";TRUE;0;0;0,573;0,321;0,566;0,318;NA;NA;0,043;0,215;0,124;0,345;0,511;0,194;NA;NA
"Nancy";329;1;1;"src/Nancy/StaticConfiguration.cs";TRUE;0;0;1;0,56;NA;0,507;NA;0,632;NA;0,538;NA;NA;0,518;NA;NA;NA
"Nancy";333;0,292;2;"src/Nancy/Responses/GenericFileResponse.cs";TRUE;0;1;0,727;0,547;0,403;0,155;0;0;0;0,213;0;0,649;0,262;0;0;0,285
"Nancy";333;0,292;3;"src/Nancy/Conventions/StaticContentConventionBuilder.cs";TRUE;0;1;0,723;0,545;0,677;0,178;0;0;0;0,148;0;0,504;0,316;0;0;0,317
"Nancy";442;0,25;2;"src/Nancy/ModelBinding/ModuleExtensions.cs";TRUE;0;0;0,884;0,495;0,526;0,334;NA;NA;NA;1,011;1,373;NA;0,215;NA;NA;NA
"Nancy";612;0,383;2;"src/Nancy/Diagnostics/DefaultRequestTracing.cs";TRUE;0;0;0,992;0,555;0,897;NA;NA;0,443;1,081;0,698;NA;0,455;1,045;NA;NA;1,617
"Nancy";612;0,383;3;"src/Nancy/Diagnostics/RequestTraceSession.cs";TRUE;0;0;0,784;0,439;0,833;NA;NA;0,498;NA;0,867;NA;1,108;0,501;NA;NA;NA
"Nancy";612;0,383;4;"src/Nancy/Diagnostics/TraceLog.cs";TRUE;0;0;0,686;0,384;0,895;NA;NA;1,081;NA;0,402;NA;0,655;0,445;NA;NA;NA
"Nancy";664;0,25;4;"src/Nancy/Bootstrapper/NancyBootstrapperBase.cs";TRUE;0,001;1;0,734;0,551;0,293;0,147;0;0;0,431;0,13;0;0,139;0,18;0;0;0,307
"Nancy";697;0,167;6;"src/Nancy/Json/JsonDeserializer.cs";TRUE;0;0;0,596;0,334;0,51;0,134;1,01;0,292;NA;0,003;0,83;0,184;0,214;0,233;NA;NA
"Nancy";902;1;1;"src/Nancy.Hosting.Self/HostConfiguration.cs";TRUE;0,516;0;1;0,715;0,558;0,351;NA;NA;NA;NA;0,911;NA;0,446;NA;NA;NA
"Nancy";902;1;2;"src/Nancy.Hosting.Self/NancyHost.cs";TRUE;0,516;0;0,826;0,617;0,542;0,197;NA;NA;NA;0,212;0,673;0,105;0,494;NA;NA;0,081
"Nancy";905;0,236;4;"src/Nancy/NancyEngine.cs";TRUE;0,264;0;0,599;0,415;0,132;0,216;NA;0,345;0,204;0,279;0,225;0,237;0,284;0,247;NA;0,07
"Nancy";905;0,236;9;"src/Nancy/Diagnostics/DiagnosticsHook.cs";TRUE;0,323;0;0,257;0,241;0,071;NA;NA;NA;0,198;0,083;0,226;0,261;0,038;0,184;NA;0,149
"Nancy";908;0,5;1;"src/Nancy/Routing/DefaultRouteInvoker.cs";TRUE;0;0;1;0,56;0,77;0,03;0,25;0,155;0,269;0,316;0,189;0,557;0,408;0,563;NA;0,468
"Nancy";969;0,2;5;"src/Nancy/Conventions/StaticContentConventionBuilder.cs";TRUE;0,002;0,745;0,565;0,421;0,492;0,214;0;0;0;0,055;0,001;0,088;0;0,211;0;0,076
"Nancy";1047;1;1;"src/Nancy/Diagnostics/DiagnosticsHook.cs";TRUE;0,362;1;0,663;0,62;0,234;0;0;0;0;0,283;0,33;0,462;0,119;0,402;0;0,4
"Nancy";1120;0,167;6;"src/Nancy.Owin/NancyOwinHost.cs";TRUE;0,295;1;0,286;0,389;0,175;0,194;0;0;0;0;0,199;0;0,063;0,214;0;0,146
"Nancy";1232;0,5;1;"src/Nancy/NancyEngine.cs";TRUE;0,099;0;1;0,59;0,354;0,371;0,08;0,393;0,252;0,41;0,807;0,424;0,519;0,339;0,108;0,484
"Nancy";1295;0,5;2;"src/Nancy.Owin/Extensions.cs";TRUE;0;0,065;1;0,569;0,485;0,374;0;0;0;0,505;1,654;0,148;0;0,296;0,326;0,396
"Nancy";1457;0,483;1;"src/Nancy/Validation/ModuleExtensions.cs";TRUE;0;0,583;1;0,642;0,652;0,296;0;0,74;0;0,29;1,008;0;1,055;0;0;1,09
"Nancy";1457;0,483;3;"src/Nancy/Validation/ModelValidationResult.cs";TRUE;0;0;0,789;0,442;0,633;0,264;NA;0,74;NA;0,464;0,878;0,499;0,26;NA;NA;0,205
"Nancy";1457;0,483;4;"src/Nancy/Validation/CompositeValidator.cs";TRUE;0;0;0,789;0,442;0,508;0,289;NA;0,74;0,566;0,122;0,878;0,538;0,31;NA;NA;0,584
"Nancy";1927;0,25;4;"src/Nancy/ModelBinding/DefaultBinder.cs";TRUE;0,031;0;0,813;0,465;0,326;0,29;0,815;0,04;NA;0,289;0,437;0,261;0,45;0,096;NA;0,325
"Nancy";1927;0,25;8;"src/Nancy/ModelBinding/ModelBindingException.cs";TRUE;0;0;0,678;0,38;0,349;0,272;NA;NA;NA;NA;0,561;0,32;0,424;0,443;NA;NA
"Nancy";2131;0,143;7;"src/Nancy/Responses/Negotiation/XmlProcessor.cs";TRUE;0;0;0,718;0,402;0,23;0,462;0,148;0,069;0,111;0,404;0,484;0,197;0,088;0,733;NA;0,029
"NLog";23;1;1;"src/NLog/Targets/LogReceiverWebServiceTarget.cs";TRUE;0;0;1;0,56;0,497;0,07;NA;NA;NA;0,266;0,241;0,217;0,211;0,166;1,21;0,678
"NLog";177;1;1;"src/NLog/Targets/Wrappers/AsyncTargetWrapper.cs";TRUE;0;0;1;0,56;0,438;0,345;1,208;NA;NA;0,101;0,69;0,17;0,159;0,772;0,912;0,062
"NLog";316;0,125;8;"src/NLog/LogManager.cs";TRUE;0;0;0,555;0,311;0,447;0,065;NA;0,317;0,932;0,034;0,061;NA;0,264;0,022;0,062;NA
"NLog";378;0,2;5;"src/NLog/Targets/LogReceiverWebServiceTarget.cs";TRUE;0;0,608;0,773;0,518;0,428;0,328;0;0;0;0,031;1,137;0,021;0,289;0,43;0,894;0,436
"NLog";386;0,5;2;"src/NLog/Logger.cs";TRUE;0,298;0;0,991;0,644;0,223;0,258;NA;0,164;NA;0,312;NA;0,19;0,28;0,355;NA;0,126
"OpenRA";7303;0,1;10;"OpenRA.Mods.RA/Widgets/Logic/ClientTooltipLogic.cs";TRUE;0;0;0,589;0,33;0,228;NA;NA;0,14;NA;0,12;NA;0,3;NA;0,146;NA;0,181
"OpenRA";7431;0,25;4;"OpenRA.Mods.Common/Widgets/Logic/SettingsLogic.cs";TRUE;0;0;0,863;0,483;NA;0,283;NA;0,267;NA;0,093;NA;0,219;0,686;0,288;NA;0,036
"OpenRA";7459;0,111;9;"OpenRA.Mods.Common/Traits/Buildings/Building.cs";TRUE;0;0;0,792;0,443;0,362;NA;NA;0,026;0,146;0,04;NA;0,258;0,424;0,033;NA;0,074
"OpenRA";8129;0,143;7;"OpenRA.Mods.Common/Widgets/HotkeyEntryWidget.cs";TRUE;0;0;0,735;0,412;0,384;0,032;0,201;0,02;NA;0,055;NA;NA;NA;0,262;1,207;NA
"OpenRA";8869;0,2;5;"OpenRA.Mods.Common/Widgets/RadarWidget.cs";TRUE;0;0;0,96;0,538;0,216;0,143;0,294;0,063;NA;0,163;NA;NA;0,201;NA;0,106;0,123
"OpenRA";9063;0,25;2;"OpenRA.Mods.Common/Traits/Crates/HideMapCrateAction.cs";TRUE;0;0;1;0,56;0,605;0,535;NA;0,163;NA;0,003;NA;NA;0,136;0,679;NA;NA
"OpenRA";9851;0,025;8;"OpenRA.Mods.Common/Widgets/WorldCommandWidget.cs";TRUE;0,765;0,304;0,334;0,459;0,014;0,066;0;0,076;0;0,077;0;0;0,119;0,099;0;0,035
"OpenRA";10127;0,5;2;"OpenRA.Mods.Common/Traits/World/EditorActorLayer.cs";TRUE;0;0;0,793;0,444;0,298;NA;0,08;0,34;0,237;0,059;NA;0,226;0,088;0,428;NA;0,416
"OpenRA";10228;1;1;"OpenRA.Game/Traits/Player/FrozenActorLayer.cs";TRUE;0;0;1;0,56;0,137;0,151;NA;0,086;0,326;0,204;NA;0,402;0,045;0,254;NA;0,138
"OpenRA";10350;0,333;3;"OpenRA.Mods.Common/Warheads/CreateEffectWarhead.cs";TRUE;0;0;0,744;0,417;0,225;0,433;NA;0,426;NA;0,228;NA;NA;NA;0,129;NA;0,11
"OpenRA";10450;1;1;"OpenRA.Mods.Common/Widgets/Logic/Lobby/LobbyLogic.cs";TRUE;0,827;0,166;0,909;0,781;0,238;0,032;0;0,182;0;0,014;0;0,122;0;0,126;0,562;0,144
"orleans";573;0,167;6;"src/Orleans/Statistics/FloatValueStatistic.cs";TRUE;0;0;0,924;0,517;0,449;0,009;0,527;0,142;0,1;0,05;0,158;0,159;0,332;0,028;NA;0,05
"orleans";1278;0,167;2;"src/OrleansCodeGenerator/SerializerGenerator.cs";TRUE;0,669;0,124;0,803;0,668;0,175;0,346;0,043;0,045;0;0,273;0,062;0,241;0,013;0,597;0;0,191
"roslyn";9048;0,498;2;"src/Compilers/Core/Portable/DiagnosticAnalyzer/AnalyzerDriver.cs";TRUE;0,109;1;0,875;0,663;0,077;0,147;0,562;0,101;0;0,116;0,086;0,137;0,135;0,111;0,085;0,141
"roslyn";9048;0,498;3;"src/Compilers/Core/Portable/DiagnosticAnalyzer/DiagnosticStartAnalysisScope.cs";TRUE;0,492;0;0,882;0,641;0,097;0,035;0,692;0,065;0;0,114;0,121;0,157;0,039;0;0,168;0,124
"roslyn";9048;0,498;4;"src/Compilers/Core/Portable/DiagnosticAnalyzer/DiagnosticAnalysisContext.cs";TRUE;0,235;0;1;0,631;0,168;0,182;0,62;0,084;0;0,102;0,009;0,151;0,068;0;0,17;0,282
"roslyn";9048;0,498;7;"src/Compilers/Core/Portable/DiagnosticAnalyzer/AnalyzerManager.cs";TRUE;0,06;0;0,829;0,482;0,086;0,227;0,632;0;0;0,157;0,114;0;0;0;0;0,116
"ShareX";99;0,6;1;"UploadersLib/URLShorteners/YourlsURLShortener.cs";TRUE;0;0;1;0,56;0,737;0,001;NA;NA;NA;0,081;NA;0,211;0,162;0,386;NA;NA
"ShareX";99;0,6;10;"ShareX/Forms/DropForm.cs";TRUE;1;0;0,076;0,343;0,013;0,001;NA;NA;NA;NA;0,5;NA;NA;NA;NA;NA
"ShareX";127;0,267;5;"UploadersLib/GUI/UploadersConfigFormHelper.cs";TRUE;0,132;0,336;0,749;0,506;0,161;0,045;0,049;0,197;0;0,122;0,246;0,114;0,1;0,038;0,064;0,209
"ShareX";127;0,267;6;"UploadersLib/GUI/UploadersConfigFormGUI.cs";TRUE;0,132;0,336;0,738;0,5;0,068;0,218;0,019;0,166;0;0,092;0,055;0,063;0,159;0,177;0,014;0,035
"ShareX";145;0,25;4;"ShareX/UploadManager.cs";TRUE;0,642;0;0,649;0,556;0,323;0,001;NA;0,149;NA;0,159;0,291;0,122;0,24;0,105;NA;0,103
"ShareX";155;0,056;9;"ShareX/TaskSettings.cs";TRUE;0,058;0;0,674;0,395;0,089;0;NA;0,164;NA;0,086;NA;0,057;0,122;0,024;NA;0,269
"ShareX";160;0,056;6;"ScreenCaptureLib/Screencast/ScreencastOptions.cs";TRUE;0;0;0,6;0,336;0,261;0,548;0,662;0,457;NA;0,173;1,013;NA;0,139;0,164;NA;NA
"ShareX";220;0,227;1;"ShareX/Forms/MainForm.cs";TRUE;1;1;0,488;0,713;0,175;0,012;0,262;0,07;0;0,179;0,041;0;0,31;0,232;0;0,113
"ShareX";220;0,227;7;"GreenshotImageEditor/Forms/ImageEditorForm.cs";TRUE;0,735;0;0,296;0,386;0,025;0,045;NA;0,016;NA;0,038;0,312;0,058;0,16;0,051;NA;0,251
"ShareX";220;0,227;10;"ShareX/TaskHelpers.cs";TRUE;0;0;0,568;0,318;0,225;0,002;0,381;0,128;NA;0,145;0,323;0,173;0,168;NA;NA;0,225
"ShareX";231;0,167;1;"ShareX/Forms/ScreenRecordForm.cs";TRUE;0,484;0,17;0,826;0,632;0,545;0,001;1,022;0,193;0;0,164;0,636;0;0,303;0,166;0;0
"ShareX";249;0,1;2;"ShareX/UploadManager.cs";TRUE;0,338;1;0,864;0,725;0,26;0,012;0,276;0,308;0;0,294;0,363;0,251;0,317;0,306;0;0,098
"ShareX";278;0,247;3;"UploadersLib/TextUploaders/CustomTextUploader.cs";TRUE;0;0;0,964;0,54;0,719;NA;0,59;0,491;NA;0,158;0,638;0,57;NA;0,174;NA;NA
"ShareX";278;0,247;5;"UploadersLib/URLShorteners/CustomURLShortener.cs";TRUE;0;0;0,862;0,482;0,521;NA;0,59;0,486;NA;NA;0,197;0,49;NA;0,389;NA;NA
"ShareX";278;0,247;6;"UploadersLib/HelperClasses/CustomUploaderItem.cs";TRUE;0;0;0,775;0,434;0,411;NA;0,455;0,085;NA;0,096;0,831;0,28;NA;0,375;NA;NA
"ShareX";297;0,25;2;"ShareX/Forms/MainForm.cs";TRUE;1;0,136;0,401;0,544;0,112;0,158;0,1;0,118;0;0,111;0,229;0,064;0,185;0,137;0;0,114
"ShareX";341;0,5;2;"ScreenCaptureLib/Forms/RectangleRegion.cs";TRUE;0,172;0,062;1;0,62;0,031;0,231;0,057;0;0;0,241;0,871;0,052;0,329;0;0;0,242
"ShareX";362;0,333;3;"ImageEffectsLib/ImageEffectsForm.cs";TRUE;0;0;0,948;0,531;0,146;0;NA;0,552;NA;0,279;1,083;0,496;0,31;NA;NA;0,383
"ShareX";362;0,333;6;"ImageEffectsLib/ImageEffectsForm.Designer.cs";TRUE;0;0;0,837;0,469;0,135;0,351;NA;0,357;NA;0,308;1,235;NA;NA;0,407;NA;NA
"ShareX";436;0,25;4;"ShareX.UploadersLib/FileUploaders/FTP/FTPAccount.cs";TRUE;1;0,307;0,319;0,521;0,033;0,001;0;0,418;0;0,16;0,204;0,006;0,135;0,087;0;0,132
"ShareX";479;0,167;2;"ShareX/Forms/MainForm.cs";TRUE;0,348;1;0,393;0,464;0,123;0,129;0;0,144;0;0,174;0;0,26;0,187;0;0;0,116
"ShareX";524;0,333;3;"ShareX/UploadManager.cs";TRUE;0,387;0,818;0,472;0,495;0,332;0;0,022;0,21;0;0,193;0,463;0,154;0,256;0;0;0,263
"ShareX";564;0,333;3;"ShareX.UploadersLib/ImageUploaders/ImageShackUploader.cs";TRUE;0;0;0,967;0,542;0,344;0,015;0,154;NA;NA;NA;0,083;NA;0,073;0,547;NA;0,243
"ShareX";613;0,071;7;"ShareX/UploadManager.cs";TRUE;0,594;0,854;0,408;0,527;0,082;0,001;0,123;0,142;0;0,072;0,311;0,06;0,105;0;0;0,023
"ShareX";768;0,143;7;"ShareX.UploadersLib/FileUploaders/GoogleDrive.cs";TRUE;0,087;0,308;0,436;0,313;0,3;0;0,421;0;0;0,045;0,065;0;0,039;0,125;0;0,047
"ShareX";833;0,02;10;"ShareX.UploadersLib/Forms/UploadersConfigForm.cs";TRUE;0,594;0,004;0,39;0,397;0,061;0,018;0,025;0,119;0;0,118;0,081;0,03;0,226;0,156;0;0,136
"ShareX";973;0,143;7;"ShareX/Forms/ChromeForm.cs";TRUE;0;0;0,923;0,517;0,358;0,009;NA;NA;NA;0,384;0,014;NA;0,296;0,389;NA;NA
"ShareX";1019;0,38;1;"ShareX.HistoryLib/HistoryForm.cs";TRUE;0,064;0,821;1;0,694;0,485;0;0,452;0,418;0;0,289;0,784;0,429;0,455;0;1,23;0,59
"ShareX";1019;0,38;2;"ShareX.HistoryLib/HistoryManager.cs";TRUE;0;0;0,932;0,522;0,331;0,001;NA;NA;NA;0,291;0,876;0,494;0,364;NA;1,23;0,845
"ShareX";1019;0,38;3;"ShareX.HistoryLib/XMLManager.cs";TRUE;0;0;0,843;0,472;0,353;0,001;NA;NA;NA;0,24;0,824;0,457;0,206;0,419;1,23;0,478
"ShareX";1019;0,38;5;"ShareX.HistoryLib/ImageHistoryForm.cs";TRUE;0;0;0,726;0,407;0,35;0,001;NA;0,16;NA;0,132;0,875;0,318;0,278;0,615;NA;0,321
"ShareX";1170;0,5;2;"ShareX.ScreenCaptureLib/Forms/RectangleAnnotate.cs";TRUE;0;0;1;0,56;0,601;0;0,82;0,201;NA;0,261;0,351;0,191;0,53;NA;NA;0,134
"ShareX";1180;0,333;1;"ShareX/WorkerTask.cs";TRUE;0,553;0,008;0,775;0,601;0;0,029;0;0,04;0;0;0;0;0;0,217;0;0
"ShareX";1251;0,25;2;"ShareX/Forms/MainForm.cs";TRUE;1;0,076;0,407;0,539;0,107;0,035;0,007;0,076;0;0,136;0,159;0;0,15;0,228;0;0,182
"ShareX";1251;0,25;4;"ShareX/TaskManager.cs";TRUE;0,198;1;0,332;0,386;0,009;0,002;0,034;0,184;0;0,126;0;0;0,076;0,015;0;0,129
"ShareX";1259;0,692;1;"ShareX/Forms/MainForm.cs";TRUE;1;0,796;0,32;0,591;0,098;0,028;0,029;0,07;0;0,073;0,278;0,02;0,134;0;0;0,147
"ShareX";1259;0,692;3;"ShareX/TaskHelpers.cs";TRUE;0,81;0,337;0,349;0,486;0,143;0,128;0,028;0,054;0;0,068;0,247;0,034;0,05;0,039;0;0,156
"ShareX";1259;0,692;5;"ShareX/TaskManager.cs";TRUE;0,489;1;0,259;0,432;0;0,001;0;0,136;0;0,12;0;0;0,037;0;0;0,109
"ShareX";1259;0,692;8;"ShareX/Forms/ScreenRecordForm.cs";TRUE;0,461;0,368;0,257;0,334;0,047;0,001;0,064;0,023;0;0,111;0;0;0,131;0;0;0,063
"ShareX";1261;0,036;7;"ShareX.HelpersLib/Helpers/ClipboardHelpers.cs";TRUE;0,344;0,392;0,525;0,452;0,153;0,001;0;0,261;0;0,088;0;0;0,036;0,559;0;0
"ShareX";1313;0,333;3;"ShareX.UploadersLib/FileUploaders/Pomf.cs";TRUE;0,014;0;1;0,564;0,089;0,096;NA;0,496;NA;0,064;0,395;0,396;0,199;0,356;NA;0,153
"SparkleShare";488;1;1;"SparkleLib/Git/SparkleFetcherGit.cs";TRUE;0,573;0;1;0,732;0,715;0,232;NA;0,845;NA;0,036;0;0,086;0,398;0,491;NA;0,45
"SparkleShare";502;0,2;5;"SparkleShare/SparkleStatusIcon.cs";TRUE;0;0;1;0,56;0,51;0,127;0,724;0,454;NA;0,171;0,366;NA;0,12;0,354;NA;0,229
"SparkleShare";508;0,493;1;"SparkleLib/SparkleListenerBase.cs";TRUE;0;0;1;0,56;0,001;0,609;NA;0,403;NA;0,274;0;0,097;0,615;0,183;NA;0,282
"SparkleShare";508;0,493;3;"SparkleLib/SparkleConfig.cs";TRUE;1;0;0,113;0,363;0,001;0,013;NA;0,046;NA;0,009;0;NA;NA;0,013;NA;0,05
"SparkleShare";508;0,493;5;"SparkleShare/Mac/SparkleStatusIcon.cs";TRUE;0;0,892;0,4;0,349;0,001;0,179;0;0,315;0;0,162;0,268;0;0,464;0,144;0;0
"SparkleShare";508;0,493;6;"SparkleLib/SparkleRepoBase.cs";TRUE;0,615;0;0,256;0,328;0,232;0,14;NA;0,098;NA;0,043;0;0,014;0,266;0,008;NA;0,015
"SparkleShare";508;0,493;8;"SparkleLib/SparkleListenerTcp.cs";TRUE;0;0;0,538;0,301;0,001;0,051;NA;0,157;NA;0,253;0;0,121;0,552;0,362;NA;NA
"SparkleShare";508;0,493;9;"SparkleLib/Git/SparkleRepoGit.cs";TRUE;0,615;0,207;0,132;0,287;0,065;0,048;0;0;0;0,01;0;0;0,178;0,049;0;0,012
"SparkleShare";508;0,493;10;"SparkleShare/SparkleControllerBase.cs";TRUE;0,272;0,207;0,275;0,264;0,186;0,045;0;0,018;0;0,078;0,029;0,082;0,084;0,091;0;0,122
"SparkleShare";517;0,5;1;"SparkleShare/SparkleControllerBase.cs";TRUE;0,264;0,966;1;0,774;0,383;0,112;0;0,178;0;0,126;0,068;0,168;0,344;0,221;0,447;0,259
"SparkleShare";549;0,056;9;"SparkleShare/Mac/SparkleSetup.cs";TRUE;0;0;0,726;0,407;NA;0,159;NA;0,07;NA;NA;0,309;NA;NA;0,227;NA;NA
"SparkleShare";627;0,333;1;"SparkleShare/SparkleControllerBase.cs";TRUE;0,157;0,639;1;0,697;0,359;0,238;0,136;0,395;0;0,256;0,313;0,036;0,218;0,21;0;0,114
"SparkleShare";627;0,333;3;"SparkleShare/Linux/SparkleSetup.cs";TRUE;1;0,12;0,399;0,54;0,008;0,02;0;0,089;0;0,048;0,521;0;0;0,194;0;0,12
"SparkleShare";627;0,333;9;"SparkleLib/Git/SparkleFetcherGit.cs";TRUE;0,109;1;0,385;0,389;0,028;0,224;0;0,02;0;0,035;0,095;0,065;0;0,031;0;0,127
"SparkleShare";721;0,5;1;"SparkleLib/Git/SparkleRepoGit.cs";TRUE;0,98;0,509;0,984;0,916;0,52;0,215;0,923;0,051;0;0,28;0,687;0,049;0,363;0,222;0;0,202
"SparkleShare";729;0,071;7;"SparkleShare/Linux/SparkleEventLog.cs";TRUE;0,045;0,592;0,435;0,34;0;0,004;0;0;0;0;0,492;0;0;0,164;0;0
"SparkleShare";733;1;1;"SparkleLib/Git/SparkleRepoGit.cs";TRUE;0,99;1;0,371;0,645;0,177;0,055;0;0;0;0,267;0;0;0;0,157;0;0,015
"SparkleShare";773;0,397;1;"SparkleShare/SparkleControllerBase.cs";TRUE;0,457;1;1;0,837;0,21;0;0;0,151;0;0,079;0;0,184;0;0,094;0;0,068
"SparkleShare";773;0,397;2;"SparkleLib/Git/SparkleRepoGit.cs";TRUE;1;0,439;0,81;0,815;0,147;0,058;0;0,105;0;0;0;0;0;0,182;0;0,073
"SparkleShare";773;0,397;3;"SparkleLib/Git/SparkleFetcherGit.cs";TRUE;0,03;0,911;0,79;0,579;0;0,111;0;0;0;0,182;0;0;0,228;0,017;0;0,102
"SparkleShare";773;0,397;7;"SparkleLib/SparkleFetcherBase.cs";TRUE;0,004;0;0,741;0,416;NA;NA;NA;NA;NA;0,168;NA;0,215;0,226;NA;NA;0,079
"SparkleShare";777;0,2;5;"SparkleShare/SparkleSetupController.cs";TRUE;0,202;0,169;0,889;0,582;0,049;0,11;0,071;0,226;0;0,351;0,52;0,125;0,393;0,041;0;0,143
"SparkleShare";967;1;1;"SparkleLib/Git/SparkleRepoGit.cs";TRUE;0,659;0,703;1;0,856;0,417;0,315;0;0,2;0;0,057;0,628;0,043;0,111;0,372;0,577;0,329
"SparkleShare";982;1;1;"SparkleLib/SparkleRepoBase.cs";TRUE;0,278;0,005;1;0,644;0,061;0,14;0,803;0,089;0;0,211;0,583;0,18;0,356;0,168;0;0,153
"SparkleShare";1023;0,333;3;"SparkleShare/SparkleEventLogController.cs";TRUE;0,009;0,481;0,979;0,618;0,196;0,22;0;0,046;0;0,136;0;0,152;0,325;0,19;0;0,176
"SparkleShare";1106;1;1;"SparkleLib/Git/SparkleRepoGit.cs";TRUE;1;1;1;1;0,485;0,368;0,617;0,311;0;0,149;0,62;0,161;0,26;0,449;0,775;0,313
"SparkleShare";1130;0,333;3;"SparkleShare/SparkleControllerBase.cs";TRUE;0,389;0,339;0,809;0,617;0,163;0,088;0;0,154;0;0,098;0,117;0,169;0,192;0,132;1,155;0,049
"SparkleShare";1130;0,333;6;"SparkleShare/SparkleStatusIconController.cs";TRUE;0,449;0,193;0,621;0,51;0,261;0,002;0,091;0,028;0;0,197;0,298;0;0,064;0,109;0;0,125
"SparkleShare";1330;0,5;2;"SparkleShare/SparkleEventLogController.cs";TRUE;0,083;1;0,958;0,701;0,193;0,032;0;0,51;0;0,242;0,076;0,373;0,071;0,169;0;0,156
"SparkleShare";1467;1;1;"SparkleShare/SparkleAvatars.cs";TRUE;0;0;1;0,56;0,619;0,077;NA;0,967;NA;0,572;0,021;NA;NA;0,928;NA;0,572
"SparkleShare";1532;0,5;2;"SparkleShare/SparkleEventLogController.cs";TRUE;0,033;1;0,96;0,688;0,376;0;0;0,408;0;0,207;0;0,23;0,325;0,212;0;0,111
"SparkleShare";1601;0,178;5;"SparkleLib/SparkleListenerTcp.cs";TRUE;0,233;0,477;0,828;0,6;0,087;0,17;0;0,356;0;0,04;0;0;0,144;0,051;1,155;0,026
"SparkleShare";1601;0,178;6;"SparkleLib/SparkleRepoBase.cs";TRUE;0,002;0,508;0,869;0,558;0,263;0,12;0;0,134;0;0,044;0;0,027;0,072;0,086;0,441;0,198
"VsVim";1489;0,5;2;"Src/VsVimShared/VsVimHost.cs";TRUE;1;0;0,647;0,662;NA;0,104;NA;0,151;NA;0,099;NA;0,043;0,055;0,206;NA;0,211
"VsVim";1578;0,5;2;"Src/VimWpf/Implementation/Misc/ClipboardDevice.cs";TRUE;0;0;1;0,56;0,671;0,283;NA;0,03;NA;0,024;0,001;0,015;0,111;NA;NA;0,045
"VsVim";1625;0,2;1;"Src/VsVimShared/VsVimHost.cs";TRUE;1;1;0,224;0,565;0,151;0,036;0,359;0,039;0;0,077;0,002;0,029;0,126;0,041;0;0
"Wox";32;0,556;1;"Wox.Plugin.System/Setting.cs";TRUE;0;0;1;0,56;0,663;NA;NA;NA;NA;NA;0,539;NA;NA;NA;NA;1,24
"Wox";32;0,556;3;"Wox.Plugin.System/WebSearchPlugin.cs";TRUE;0;0;0,955;0,535;0,708;NA;NA;NA;NA;NA;0,187;NA;0,113;0,334;NA;0,427
"Wox";49;0,5;2;"Wox/MainWindow.xaml.cs";TRUE;1;0;0,526;0,595;0,151;0,128;NA;NA;NA;0,16;0,285;0,02;0,081;0,038;NA;0,06
"Wox";183;0,5;2;"Wox.Plugin.SystemPlugins/WebSearch/WebSearchSetting.xaml.cs";TRUE;0;0;0,983;0,551;0,251;NA;NA;0,232;NA;0,486;0,019;0,444;0,449;0,129;NA;0,085
"Wox";252;0,444;1;"Plugins/Wox.Plugin.WebSearch/WebSearchSetting.xaml.cs";TRUE;0;1;0,81;0,593;0,397;0;0;0,385;0;0,18;0,532;0,457;0,236;0,122;0;0
"Wox";252;0,444;2;"Plugins/Wox.Plugin.WebSearch/WebSearchesSetting.xaml.cs";TRUE;0;0;1;0,56;0,402;0,363;NA;NA;NA;0,226;0,656;NA;0,291;0,238;NA;0,423
"Wox";252;0,444;4;"Plugins/Wox.Plugin.WebSearch/WebSearchStorage.cs";TRUE;0;0;0,723;0,405;0,476;NA;NA;NA;NA;0,382;0,596;NA;0,226;0,065;NA;0,297
"Wox";252;0,444;5;"Plugins/Wox.Plugin.WebSearch/WebQueryPlugin.cs";TRUE;0;0;0,652;0,365;0,389;NA;NA;NA;NA;0,165;0,559;NA;0,22;0,116;NA;0,302
"Wox";255;0,25;4;"Plugins/Wox.Plugin.Folder/FolderPluginSettings.xaml.cs";TRUE;0;0;0,978;0,548;0,309;NA;NA;0,389;NA;0,193;1,007;0,462;0,163;0,463;NA;0,092
"Wox";271;0,037;9;"Wox/MainWindow.xaml.cs";TRUE;0,5;0,144;0,241;0,305;0,034;0,012;0;0,047;0;0,11;0,02;0;0;0,01;0;0
"Wox";291;1;1;"Wox/SettingWindow.xaml.cs";TRUE;0,382;0;1;0,674;0,407;0,3;NA;0,664;NA;0,447;0,626;0,653;0,295;0,18;NA;0,517
"Wox";322;0,3;1;"Wox.Core/Plugin/PluginInstaller.cs";TRUE;0;0;1;0,56;0,151;0,235;NA;NA;NA;0,054;0,034;0,05;0,044;0,257;NA;0,016
"Wox";322;0,3;3;"Plugins/Wox.Plugin.PluginManagement/Main.cs";TRUE;0,303;0,079;0,649;0,465;0,075;0;0;0,101;0;0,094;0,013;0,136;0,031;0,236;0;0,095
"Wox";322;0,3;9;"Wox/MainWindow.xaml.cs";TRUE;0,534;0,29;0,282;0,359;0,028;0,072;0;0;0;0,133;0,007;0,04;0,024;0,006;0;0,008
"Wox";322;0,3;10;"Plugins/Wox.Plugin.Sys/Sys.cs";TRUE;0;0;0,57;0,319;0,02;NA;NA;NA;NA;0,191;0,01;NA;NA;0,281;NA;NA
"Wox";357;0,143;7;"Wox/MainWindow.xaml.cs";TRUE;0,046;0,173;0,272;0,19;0;0;0;0,189;0;0,077;0;0;0;0;0;0
"Wox";381;0,056;9;"Plugins/Wox.Plugin.Everything/Everything/EverythingAPI.cs";TRUE;0;1;0,288;0,301;0,064;0;0,242;0;0;0,106;0,189;0;0;0;0;0,077
"Wox";397;1;1;"Wox/SettingWindow.xaml.cs";TRUE;0,804;0,737;0,814;0,8;0,272;0,164;0;0,306;0;0,323;0,351;0,546;0,129;0,174;0;0,364
"Wox";404;0,5;1;"Plugins/Wox.Plugin.Program/Programs.cs";TRUE;1;0;0,735;0,712;NA;0,147;NA;NA;NA;0,153;NA;NA;NA;0,227;NA;NA
"Wox";421;0,167;6;"Plugins/Wox.Plugin.PluginManagement/Main.cs";TRUE;0,352;0,234;0,283;0,297;0,327;0;0;0;0;0,193;0;0;0;0,198;0;0
"Wox";434;1;1;"Wox/MainWindow.xaml.cs";TRUE;1;0,794;0,817;0,869;0,096;0,274;0;0,36;0;0,308;0,001;0,057;0,373;0,199;0;0,213
